{"L1": [0.2519809412900533, 0.19269716112970192, 0.18317007544998812], "PSNR": [9.334974917295938, 10.818507506468586, 11.292543197346625], "SSIM": [0.35104449969394325, 0.4585827987327754, 0.4756626024424473], "D_loss": [0.22692033745975138, 0.1608392202826304, 0.11191885876599873], "G_loss": [25.420612638241778, 19.574083907581937, 18.646752589216856]}